kind,label,tags,themes,license,source_url,image_file,width_in,height_in,depth_in
"poster-gothic-cathedral","Gothic cathedral architecture wall poster","gothic|dark|medieval|architecture|cathedral","gothic|moody|dark","Public domain (PD-Art)","https://commons.wikimedia.org/wiki/File:Dommersen_Gothic_cathedral_in_a_medieval_city.jpg","Dommersen_Gothic_cathedral_in_a_medieval_city.jpg","24","36","0.5"
"poster-coastal-beach","Coastal beach shoreline wall poster","coastal|beach|ocean|shore|sand|waves","coastal|beach|nautical","CC0 1.0","https://commons.wikimedia.org/wiki/File:Sandy_shoreline_(Unsplash).jpg","Sandy_shoreline_(Unsplash).jpg","24","36","0.5"
"poster-minimalist-lines","Minimalist geometric line art wall poster","minimalist|geometric|line|abstract|modern","minimalist|studio|modern","Public domain (PD-Art)","https://commons.wikimedia.org/wiki/File:Composition-with-red-yellow-and-blue.jpg","Composition-with-red-yellow-and-blue.jpg","24","36","0.5"
"poster-botanical-flowers","Botanical flower illustration wall poster","botanical|flowers|floral|nature|garden|plants","botanical|sage|nature|floral","Public domain (PD-Art)","https://commons.wikimedia.org/wiki/File:Tulip_redoute.JPG","Tulip_redoute.JPG","24","36","0.5"
"poster-space-nebula","Deep space nebula astronomy wall poster","space|nebula|astronomy|stars|cosmos|galaxy","space|sci-fi|cosmic","Public domain (NASA/STScI)","https://commons.wikimedia.org/wiki/File:Crab_Nebula.jpg","Crab_Nebula.jpg","24","36","0.5"
"poster-vintage-travel","Vintage travel city wall poster","vintage|travel|city|retro|tourism","vintage|travel|retro","Public domain (PD-Art)","https://commons.wikimedia.org/wiki/File:Cook%27s_Nile_and_Palestine_Tours_poster_-_circa_1902.jpg","Cook's_Nile_and_Palestine_Tours_poster_-_circa_1902.jpg","24","36","0.5"
"poster-japanese-woodblock","Japanese woodblock wave landscape wall poster","japanese|woodblock|wave|landscape|ukiyo-e|mountain","anime|japanese|zen|coastal","CC0 1.0 (Art Institute of Chicago)","https://commons.wikimedia.org/wiki/File:The_Great_Wave_off_Kanagawa.png","The_Great_Wave_off_Kanagawa.png","24","36","0.5"
"poster-dorm-motivation","Motivational typography wall poster","motivational|typography|quote|dorm|inspiration|text","dorm|motivation|study","CC0 1.0","https://commons.wikimedia.org/wiki/File:Keep-calm-and-carry-on-scan.jpg","Keep-calm-and-carry-on-scan.jpg","18","24","0.5"
"poster-sage-forest","Sage green forest nature wall poster","sage|forest|green|nature|trees|woodland","sage|nature|green","CC0 1.0","https://commons.wikimedia.org/wiki/File:Forest_path_surrounded_by_green_trees.jpg","Forest_path_surrounded_by_green_trees.jpg","24","36","0.5"
"poster-moody-charcoal","Moody charcoal architecture wall poster","moody|dark|charcoal|gothic|church|interior","moody|gothic|dark","Public domain (LACMA)","https://commons.wikimedia.org/wiki/File:Interior_of_a_Gothic_Cathedral_LACMA_49.17.5.jpg","Interior_of_a_Gothic_Cathedral_LACMA_49.17.5.jpg","24","36","0.5"
"poster-studio-geometric","Studio geometric abstract wall poster","studio|geometric|abstract|modern|color|blocks","studio|modern|minimalist","Public domain (PD-Art)","https://commons.wikimedia.org/wiki/File:Piet_Mondriaan,_1930_-_Mondrian_Composition_II_in_Red,_Blue,_and_Yellow.jpg","Piet_Mondriaan,_1930_-_Mondrian_Composition_II_in_Red,_Blue,_and_Yellow.jpg","24","36","0.5"
"poster-warm-sunset","Warm sunset beach landscape wall poster","warm|sunset|beach|golden|coastal|sky","warm|coastal|cozy|sunset","CC0 1.0","https://commons.wikimedia.org/wiki/File:Marshall_Beach_Sunset_(6753666737).jpg","Marshall_Beach_Sunset_(6753666737).jpg","24","36","0.5"
"poster-neutral-abstract","Neutral abstract color wall poster","neutral|abstract|soft|beige|minimal|calm","neutral|calm|minimalist","CC0 1.0","https://commons.wikimedia.org/wiki/File:Palisades_Beach.jpg","Palisades_Beach.jpg","24","36","0.5"
"poster-pixel-blocks","Green pixel block landscape wall poster","pixel|block|voxel|gaming|landscape|8-bit|grass","gaming|pixel|block|minecraft|voxel","CC0 1.0 (Toova procedural)","https://toova.app/posters/poster-pixel-blocks","procedural:pixel-blocks","24","36","0.5"
"poster-ascii-gaming","Retro ASCII gaming wall poster","ascii|retro|gaming|terminal|8-bit|pixel","gaming|pixel|retro|ascii","CC0 1.0 (Toova procedural)","https://toova.app/posters/poster-ascii-gaming","procedural:ascii-gaming","24","36","0.5"
"poster-retro-arcade","Retro arcade gaming wall poster","arcade|retro|gaming|neon|cabinet|pixel","gaming|pixel|retro|arcade","CC0 1.0 (Toova procedural)","https://toova.app/posters/poster-retro-arcade","procedural:retro-arcade","24","36","0.5"
"poster-pixel-landscape","Retro pixel gaming wall poster","pixel|block|retro|gaming|landscape|8-bit","gaming|pixel|retro|minecraft","Public domain (PD-Art)","https://commons.wikimedia.org/wiki/File:Commodore-64-Computer-FL.jpg","Commodore-64-Computer-FL.jpg","24","36","0.5"
"poster-mountain-landscape","Mountain landscape wall poster","mountain|landscape|alpine|nature|peaks|outdoors","nature|adventure|sage|outdoors","CC0 1.0","https://commons.wikimedia.org/wiki/File:Wonder_Lake,_Denali.jpg","Wonder_Lake,_Denali.jpg","24","36","0.5"
"poster-starry-night","Starry night impressionist wall poster","impressionist|starry|night|blue|swirl|classic","moody|art|classic","Public domain (PD-Art)","https://commons.wikimedia.org/wiki/File:The_Starry_Night.jpg","The_Starry_Night.jpg","24","36","0.5"
"poster-water-lilies","Water lilies impressionist wall poster","impressionist|water|lilies|pond|green|soft","botanical|calm|nature","Public domain (PD-Art)","https://commons.wikimedia.org/wiki/File:Claude_Monet_-_Water_Lilies_-_1906,_Ryerson.jpg","Claude_Monet_-_Water_Lilies_-_1906,_Ryerson.jpg","24","36","0.5"
"poster-pillars-creation","Deep space pillars astronomy wall poster","space|nebula|pillars|hubble|cosmos|stars","space|sci-fi|cosmic","Public domain (NASA/STScI)","https://commons.wikimedia.org/wiki/File:Pillars_of_creation_2014_HST_WFC3-UVIS_full-res_denoised.jpg","Pillars_of_creation_2014_HST_WFC3-UVIS_full-res_denoised.jpg","24","36","0.5"
"poster-earthrise","Earthrise space photography wall poster","space|earth|planet|nasa|orbit|cosmos","space|sci-fi|cosmic","Public domain (NASA)","https://commons.wikimedia.org/wiki/File:Earthrise.jpg","Earthrise.jpg","24","36","0.5"
"poster-blue-marble","Blue marble earth from space wall poster","space|earth|planet|nasa|blue|globe","space|sci-fi|cosmic","Public domain (NASA)","https://commons.wikimedia.org/wiki/File:The_Blue_Marble_(remastered).jpg","The_Blue_Marble_(remastered).jpg","24","36","0.5"
"poster-full-moon","Full moon night sky wall poster","moon|night|lunar|sky|astronomy|silver","space|moody|calm","CC0 1.0","https://commons.wikimedia.org/wiki/File:Full_Moon_Luc_Viatour.jpg","Full_Moon_Luc_Viatour.jpg","24","36","0.5"
"poster-butterfly-botanical","Monarch butterfly botanical wall poster","butterfly|botanical|insect|nature|orange|garden","botanical|nature|sage","CC0 1.0","https://commons.wikimedia.org/wiki/File:Monarch_Butterfly_Danaus_plexippus_Male_2664px.jpg","Monarch_Butterfly_Danaus_plexippus_Male_2664px.jpg","24","36","0.5"
"poster-hot-air-balloons","Hot air balloon sky wall poster","balloon|sky|travel|adventure|colorful|air","travel|adventure|warm","CC0 1.0","https://commons.wikimedia.org/wiki/File:Hot_air_balloons_in_Cappadocia.jpg","Hot_air_balloons_in_Cappadocia.jpg","24","36","0.5"
"poster-niagara-falls","Niagara falls waterfall wall poster","waterfall|nature|mist|river|landscape|outdoors","nature|adventure|coastal","CC0 1.0","https://commons.wikimedia.org/wiki/File:Niagara_Falls_(Unsplash).jpg","Niagara_Falls_(Unsplash).jpg","24","36","0.5"
"poster-cherry-blossoms","Cherry blossom spring wall poster","cherry|blossom|spring|pink|floral|japanese","japanese|botanical|calm","CC0 1.0","https://commons.wikimedia.org/wiki/File:Cherry_blossoms_(Unsplash).jpg","Cherry_blossoms_(Unsplash).jpg","24","36","0.5"
"poster-vintage-bicycle","Vintage bicycle street wall poster","bicycle|vintage|street|urban|retro|travel","vintage|travel|retro","CC0 1.0","https://commons.wikimedia.org/wiki/File:Bicycle_(Unsplash).jpg","Bicycle_(Unsplash).jpg","24","36","0.5"
"poster-forest-waterfall","Forest waterfall nature wall poster","waterfall|forest|green|nature|stream|outdoors","nature|sage|adventure","CC0 1.0","https://commons.wikimedia.org/wiki/File:Waterfall_(Unsplash).jpg","Waterfall_(Unsplash).jpg","24","36","0.5"
"poster-lavender-field","Lavender field purple wall poster","lavender|purple|field|floral|summer|calm","botanical|calm|sage","CC0 1.0","https://commons.wikimedia.org/wiki/File:Lavender_field_(Unsplash).jpg","Lavender_field_(Unsplash).jpg","24","36","0.5"
"poster-surf-wave","Surfing ocean wave wall poster","surf|wave|ocean|beach|blue|sport","coastal|beach|adventure","CC0 1.0","https://commons.wikimedia.org/wiki/File:Surfing_wave_(Unsplash).jpg","Surfing_wave_(Unsplash).jpg","24","36","0.5"
"poster-scream-expressionist","Expressionist portrait wall poster","expressionist|portrait|dramatic|art|classic|moody","moody|art|dark","Public domain (PD-Art)","https://commons.wikimedia.org/wiki/File:Edvard_Munch_-_The_Scream_-_Google_Art_Project.jpg","Edvard_Munch_-_The_Scream_-_Google_Art_Project.jpg","24","36","0.5"
"poster-aurora-gradient","Aurora borealis gradient wall poster","aurora|northern|lights|green|purple|sky","space|moody|calm","CC0 1.0 (Toova procedural)","https://toova.app/posters/poster-aurora-gradient","procedural:aurora-gradient","24","36","0.5"
"poster-desert-sunset","Desert sunset landscape wall poster","desert|sunset|warm|sand|dunes|golden","warm|adventure|neutral","CC0 1.0 (Toova procedural)","https://toova.app/posters/poster-desert-sunset","procedural:desert-sunset","24","36","0.5"
"poster-ocean-deep","Deep ocean blue wall poster","ocean|deep|blue|water|sea|calm","coastal|calm|nautical","CC0 1.0 (Toova procedural)","https://toova.app/posters/poster-ocean-deep","procedural:ocean-deep","24","36","0.5"
"poster-forest-mist","Misty green forest wall poster","forest|mist|green|woodland|nature|trees","sage|nature|calm","CC0 1.0 (Toova procedural)","https://toova.app/posters/poster-forest-mist","procedural:forest-mist","24","36","0.5"
"poster-cherry-blossom-pink","Pink cherry blossom abstract wall poster","cherry|blossom|pink|floral|soft|spring","japanese|botanical|calm","CC0 1.0 (Toova procedural)","https://toova.app/posters/poster-cherry-blossom-pink","procedural:cherry-blossom-pink","24","36","0.5"
"poster-synthwave","Synthwave retro grid wall poster","synthwave|retro|neon|grid|80s|purple","gaming|retro|pixel","CC0 1.0 (Toova procedural)","https://toova.app/posters/poster-synthwave","procedural:synthwave","24","36","0.5"
"poster-neon-grid","Neon city grid wall poster","neon|grid|city|cyber|blue|pink","gaming|retro|modern","CC0 1.0 (Toova procedural)","https://toova.app/posters/poster-neon-grid","procedural:neon-grid","24","36","0.5"
"poster-zen-stones","Zen stacked stones wall poster","zen|stones|calm|minimal|balance|meditation","calm|minimalist|japanese","CC0 1.0 (Toova procedural)","https://toova.app/posters/poster-zen-stones","procedural:zen-stones","24","36","0.5"
"poster-starfield","Night starfield sky wall poster","stars|night|sky|cosmos|dark|sparkle","space|moody|calm","CC0 1.0 (Toova procedural)","https://toova.app/posters/poster-starfield","procedural:starfield","24","36","0.5"
"poster-terrazzo","Terrazzo pattern wall poster","terrazzo|pattern|speckle|modern|neutral|texture","studio|modern|neutral","CC0 1.0 (Toova procedural)","https://toova.app/posters/poster-terrazzo","procedural:terrazzo","24","36","0.5"
"poster-marble-swirl","Marble swirl texture wall poster","marble|swirl|texture|neutral|luxury|soft","neutral|calm|studio","CC0 1.0 (Toova procedural)","https://toova.app/posters/poster-marble-swirl","procedural:marble-swirl","24","36","0.5"
"poster-geometric-grid","Colorful geometric grid wall poster","geometric|grid|color|blocks|modern|abstract","studio|modern|minimalist","CC0 1.0 (Toova procedural)","https://toova.app/posters/poster-geometric-grid","procedural:geometric-grid","24","36","0.5"
"poster-lavender-mist","Lavender mist gradient wall poster","lavender|purple|mist|soft|calm|pastel","botanical|calm|sage","CC0 1.0 (Toova procedural)","https://toova.app/posters/poster-lavender-mist","procedural:lavender-mist","24","36","0.5"
"poster-autumn-leaves","Autumn leaves warm wall poster","autumn|leaves|orange|fall|warm|seasonal","warm|nature|cozy","CC0 1.0 (Toova procedural)","https://toova.app/posters/poster-autumn-leaves","procedural:autumn-leaves","24","36","0.5"
"poster-winter-frost","Winter frost icy wall poster","winter|frost|ice|blue|cold|seasonal","calm|minimalist|cool","CC0 1.0 (Toova procedural)","https://toova.app/posters/poster-winter-frost","procedural:winter-frost","24","36","0.5"
"poster-tropical-sunset","Tropical palm sunset wall poster","tropical|palm|sunset|warm|beach|paradise","coastal|warm|travel","CC0 1.0 (Toova procedural)","https://toova.app/posters/poster-tropical-sunset","procedural:tropical-sunset","24","36","0.5"
"poster-coral-underwater","Coral reef underwater wall poster","coral|reef|underwater|ocean|colorful|sea","coastal|nature|adventure","CC0 1.0 (Toova procedural)","https://toova.app/posters/poster-coral-underwater","procedural:coral-underwater","24","36","0.5"
"poster-coffee-warm","Warm coffee tones wall poster","coffee|warm|brown|cozy|cafe|rich","warm|cozy|dorm","CC0 1.0 (Toova procedural)","https://toova.app/posters/poster-coffee-warm","procedural:coffee-warm","24","36","0.5"
"poster-blush-abstract","Blush pink abstract wall poster","blush|pink|abstract|soft|pastel|feminine","calm|neutral|cozy","CC0 1.0 (Toova procedural)","https://toova.app/posters/poster-blush-abstract","procedural:blush-abstract","24","36","0.5"
"poster-navy-stripes","Navy nautical stripes wall poster","navy|stripes|nautical|blue|classic|preppy","coastal|nautical|studio","CC0 1.0 (Toova procedural)","https://toova.app/posters/poster-navy-stripes","procedural:navy-stripes","24","36","0.5"
"poster-chess-board","Chess board pattern wall poster","chess|board|pattern|game|black|white","gaming|studio|minimalist","CC0 1.0 (Toova procedural)","https://toova.app/posters/poster-chess-board","procedural:chess-board","24","36","0.5"
"poster-vinyl-record","Vintage vinyl record wall poster","vinyl|record|music|retro|black|classic","vintage|retro|studio","CC0 1.0 (Toova procedural)","https://toova.app/posters/poster-vinyl-record","procedural:vinyl-record","24","36","0.5"
"poster-rain-moody","Rainy moody city wall poster","rain|moody|city|grey|storm|urban","moody|dark|urban","CC0 1.0 (Toova procedural)","https://toova.app/posters/poster-rain-moody","procedural:rain-moody","24","36","0.5"
"poster-crystal-prism","Crystal prism color wall poster","crystal|prism|color|rainbow|light|abstract","modern|studio|calm","CC0 1.0 (Toova procedural)","https://toova.app/posters/poster-crystal-prism","procedural:crystal-prism","24","36","0.5"
"poster-lightning-flash","Lightning storm dramatic wall poster","lightning|storm|dramatic|dark|flash|sky","moody|dark|adventure","CC0 1.0 (Toova procedural)","https://toova.app/posters/poster-lightning-flash","procedural:lightning-flash","24","36","0.5"
"poster-balloon-sky","Colorful balloon sky wall poster","balloon|sky|colorful|travel|adventure|cheerful","travel|warm|adventure","CC0 1.0 (Toova procedural)","https://toova.app/posters/poster-balloon-sky","procedural:balloon-sky","24","36","0.5"
"poster-surf-tropical","Tropical surf wave wall poster","surf|tropical|wave|ocean|blue|beach","coastal|beach|warm","CC0 1.0 (Toova procedural)","https://toova.app/posters/poster-surf-tropical","procedural:surf-tropical","24","36","0.5"
"poster-yoga-calm","Calm yoga studio wall poster","yoga|calm|green|wellness|soft|balance","calm|minimalist|sage","CC0 1.0 (Toova procedural)","https://toova.app/posters/poster-yoga-calm","procedural:yoga-calm","24","36","0.5"
"poster-film-noir","Film noir monochrome wall poster","film|noir|monochrome|black|white|classic","moody|dark|vintage","CC0 1.0 (Toova procedural)","https://toova.app/posters/poster-film-noir","procedural:film-noir","24","36","0.5"
"poster-pop-dots","Pop art dots wall poster","pop|art|dots|colorful|bold|retro","retro|studio|modern","CC0 1.0 (Toova procedural)","https://toova.app/posters/poster-pop-dots","procedural:pop-dots","24","36","0.5"
"poster-sunset-band","Sunset color band wall poster","sunset|band|orange|pink|sky|warm","warm|coastal|cozy","CC0 1.0 (Toova procedural)","https://toova.app/posters/poster-sunset-band","procedural:sunset-band","24","36","0.5"
"poster-mint-fresh","Mint green fresh wall poster","mint|green|fresh|soft|pastel|clean","sage|calm|minimalist","CC0 1.0 (Toova procedural)","https://toova.app/posters/poster-mint-fresh","procedural:mint-fresh","24","36","0.5"
"poster-rust-industrial","Rust industrial texture wall poster","rust|industrial|texture|warm|metal|urban","moody|urban|warm","CC0 1.0 (Toova procedural)","https://toova.app/posters/poster-rust-industrial","procedural:rust-industrial","24","36","0.5"
"poster-galaxy-spiral","Galaxy spiral cosmos wall poster","galaxy|spiral|cosmos|purple|space|stars","space|sci-fi|cosmic","CC0 1.0 (Toova procedural)","https://toova.app/posters/poster-galaxy-spiral","procedural:galaxy-spiral","24","36","0.5"
"poster-cloud-dreamy","Dreamy cloud sky wall poster","cloud|dreamy|sky|soft|blue|calm","calm|coastal|neutral","CC0 1.0 (Toova procedural)","https://toova.app/posters/poster-cloud-dreamy","procedural:cloud-dreamy","24","36","0.5"
